-- ============================================================================
-- Mock Data for Development/Testing
-- Realistic data for SLO County water meter reading
-- ============================================================================

BEGIN;

-- --------------------------------------------------------------------------
-- Users
-- --------------------------------------------------------------------------
INSERT INTO users (id, email, full_name, phone, role, cognito_sub) VALUES
  ('a0000000-0000-0000-0000-000000000001', 'alexander@acs-meters.com', 'Alexander', '805-555-0100', 'admin', 'cognito-admin-001'),
  ('a0000000-0000-0000-0000-000000000002', 'jerameh@acs-meters.com', 'Jerameh L Johnson', '805-555-0101', 'manager', 'cognito-mgr-001'),
  ('a0000000-0000-0000-0000-000000000003', 'sarah.chen@acs-meters.com', 'Sarah Chen', '805-555-0102', 'manager', 'cognito-mgr-002');

-- --------------------------------------------------------------------------
-- Cities
-- --------------------------------------------------------------------------
INSERT INTO cities (id, name, status, total_meters, meters_read, contact_name, contact_phone, contact_email) VALUES
  ('c0000000-0000-0000-0000-000000000001', 'Grover Beach', 'active', 847, 612, 'Tom Harris', '805-473-4500', 'tharris@groverbeach.org'),
  ('c0000000-0000-0000-0000-000000000002', 'Arroyo Grande', 'read_pending', 1234, 0, 'Maria Santos', '805-473-5400', 'msantos@arroyogrande.org'),
  ('c0000000-0000-0000-0000-000000000003', 'Pismo Beach', 'complete', 562, 562, 'Dave Wilson', '805-773-4600', 'dwilson@pismobeach.org'),
  ('c0000000-0000-0000-0000-000000000004', 'Oceano', 'ready_to_download', 389, 389, 'Lisa Park', '805-489-2100', 'lpark@oceano.org'),
  ('c0000000-0000-0000-0000-000000000005', 'Nipomo', 'active', 1156, 834, 'James Rivera', '805-929-1000', 'jrivera@nipomo.org');

-- Manager-City assignments
INSERT INTO manager_cities (manager_id, city_id) VALUES
  ('a0000000-0000-0000-0000-000000000002', 'c0000000-0000-0000-0000-000000000001'),
  ('a0000000-0000-0000-0000-000000000002', 'c0000000-0000-0000-0000-000000000002'),
  ('a0000000-0000-0000-0000-000000000002', 'c0000000-0000-0000-0000-000000000003'),
  ('a0000000-0000-0000-0000-000000000003', 'c0000000-0000-0000-0000-000000000004'),
  ('a0000000-0000-0000-0000-000000000003', 'c0000000-0000-0000-0000-000000000005');

-- --------------------------------------------------------------------------
-- Cycles
-- --------------------------------------------------------------------------
INSERT INTO cycles (id, city_id, cycle_number, start_date, end_date, status) VALUES
  ('y0000000-0000-0000-0000-000000000001', 'c0000000-0000-0000-0000-000000000001', 48, '2026-03-25', NULL, 'active'),
  ('y0000000-0000-0000-0000-000000000002', 'c0000000-0000-0000-0000-000000000002', 36, '2026-04-01', NULL, 'preparing'),
  ('y0000000-0000-0000-0000-000000000003', 'c0000000-0000-0000-0000-000000000003', 52, '2026-03-01', '2026-03-28', 'complete'),
  ('y0000000-0000-0000-0000-000000000004', 'c0000000-0000-0000-0000-000000000004', 41, '2026-03-10', '2026-04-05', 'complete'),
  ('y0000000-0000-0000-0000-000000000005', 'c0000000-0000-0000-0000-000000000005', 29, '2026-03-20', NULL, 'active');

-- Update cities with cycle references
UPDATE cities SET cycle_id = 'y0000000-0000-0000-0000-000000000001' WHERE id = 'c0000000-0000-0000-0000-000000000001';
UPDATE cities SET cycle_id = 'y0000000-0000-0000-0000-000000000002' WHERE id = 'c0000000-0000-0000-0000-000000000002';
UPDATE cities SET cycle_id = 'y0000000-0000-0000-0000-000000000003' WHERE id = 'c0000000-0000-0000-0000-000000000003';
UPDATE cities SET cycle_id = 'y0000000-0000-0000-0000-000000000004' WHERE id = 'c0000000-0000-0000-0000-000000000004';
UPDATE cities SET cycle_id = 'y0000000-0000-0000-0000-000000000005' WHERE id = 'c0000000-0000-0000-0000-000000000005';

-- --------------------------------------------------------------------------
-- Readers
-- --------------------------------------------------------------------------
INSERT INTO readers (id, manager_id, name, email, phone) VALUES
  ('r0000000-0000-0000-0000-000000000001', 'a0000000-0000-0000-0000-000000000002', 'Mike Torres', 'mtorres@acs-meters.com', '805-555-0201'),
  ('r0000000-0000-0000-0000-000000000002', 'a0000000-0000-0000-0000-000000000002', 'Kevin Nguyen', 'knguyen@acs-meters.com', '805-555-0202'),
  ('r0000000-0000-0000-0000-000000000003', 'a0000000-0000-0000-0000-000000000002', 'Carlos Mendez', 'cmendez@acs-meters.com', '805-555-0203'),
  ('r0000000-0000-0000-0000-000000000004', 'a0000000-0000-0000-0000-000000000002', 'Ryan O''Brien', 'robrien@acs-meters.com', '805-555-0204'),
  ('r0000000-0000-0000-0000-000000000005', 'a0000000-0000-0000-0000-000000000003', 'David Kim', 'dkim@acs-meters.com', '805-555-0205'),
  ('r0000000-0000-0000-0000-000000000006', 'a0000000-0000-0000-0000-000000000003', 'Jake Hernandez', 'jhernandez@acs-meters.com', '805-555-0206'),
  ('r0000000-0000-0000-0000-000000000007', 'a0000000-0000-0000-0000-000000000003', 'Brandon Lee', 'blee@acs-meters.com', '805-555-0207'),
  ('r0000000-0000-0000-0000-000000000008', 'a0000000-0000-0000-0000-000000000003', 'Tyler Adams', 'tadams@acs-meters.com', '805-555-0208');

-- --------------------------------------------------------------------------
-- Routes (Grover Beach - 4 routes)
-- --------------------------------------------------------------------------
INSERT INTO routes (id, city_id, name, route_number, status, total_meters, meters_read, unread_meters, rechecks) VALUES
  ('t0000000-0000-0000-0000-000000000001', 'c0000000-0000-0000-0000-000000000001', 'GB Downtown', '001', 'in_progress', 225, 180, 45, 3),
  ('t0000000-0000-0000-0000-000000000002', 'c0000000-0000-0000-0000-000000000001', 'GB Residential N', '002', 'in_progress', 210, 175, 35, 1),
  ('t0000000-0000-0000-0000-000000000003', 'c0000000-0000-0000-0000-000000000001', 'GB Residential S', '003', 'completed', 198, 198, 0, 0),
  ('t0000000-0000-0000-0000-000000000004', 'c0000000-0000-0000-0000-000000000001', 'GB Commercial', '004', 'in_progress', 214, 59, 155, 0);

-- Routes (Arroyo Grande - 5 routes)
INSERT INTO routes (id, city_id, name, route_number, status, total_meters, meters_read, unread_meters, rechecks) VALUES
  ('t0000000-0000-0000-0000-000000000005', 'c0000000-0000-0000-0000-000000000002', 'AG Village', '001', 'pending', 260, 0, 260, 0),
  ('t0000000-0000-0000-0000-000000000006', 'c0000000-0000-0000-0000-000000000002', 'AG East', '002', 'pending', 245, 0, 245, 0),
  ('t0000000-0000-0000-0000-000000000007', 'c0000000-0000-0000-0000-000000000002', 'AG West', '003', 'pending', 248, 0, 248, 0),
  ('t0000000-0000-0000-0000-000000000008', 'c0000000-0000-0000-0000-000000000002', 'AG Hills', '004', 'pending', 240, 0, 240, 0),
  ('t0000000-0000-0000-0000-000000000009', 'c0000000-0000-0000-0000-000000000002', 'AG Industrial', '005', 'pending', 241, 0, 241, 0);

-- Routes (Nipomo - 5 routes)
INSERT INTO routes (id, city_id, name, route_number, status, total_meters, meters_read, unread_meters, rechecks) VALUES
  ('t0000000-0000-0000-0000-000000000010', 'c0000000-0000-0000-0000-000000000005', 'NP Central', '001', 'in_progress', 240, 210, 30, 2),
  ('t0000000-0000-0000-0000-000000000011', 'c0000000-0000-0000-0000-000000000005', 'NP North', '002', 'completed', 230, 230, 0, 0),
  ('t0000000-0000-0000-0000-000000000012', 'c0000000-0000-0000-0000-000000000005', 'NP South', '003', 'in_progress', 228, 178, 50, 1),
  ('t0000000-0000-0000-0000-000000000013', 'c0000000-0000-0000-0000-000000000005', 'NP West', '004', 'in_progress', 232, 120, 112, 0),
  ('t0000000-0000-0000-0000-000000000014', 'c0000000-0000-0000-0000-000000000005', 'NP Estates', '005', 'in_progress', 226, 96, 130, 1);

-- --------------------------------------------------------------------------
-- Route Assignments
-- --------------------------------------------------------------------------
INSERT INTO route_assignments (id, route_id, reader_id, manager_id, status) VALUES
  ('s0000000-0000-0000-0000-000000000001', 't0000000-0000-0000-0000-000000000001', 'r0000000-0000-0000-0000-000000000001', 'a0000000-0000-0000-0000-000000000002', 'in_progress'),
  ('s0000000-0000-0000-0000-000000000002', 't0000000-0000-0000-0000-000000000002', 'r0000000-0000-0000-0000-000000000002', 'a0000000-0000-0000-0000-000000000002', 'in_progress'),
  ('s0000000-0000-0000-0000-000000000003', 't0000000-0000-0000-0000-000000000003', 'r0000000-0000-0000-0000-000000000003', 'a0000000-0000-0000-0000-000000000002', 'completed'),
  ('s0000000-0000-0000-0000-000000000004', 't0000000-0000-0000-0000-000000000004', 'r0000000-0000-0000-0000-000000000004', 'a0000000-0000-0000-0000-000000000002', 'in_progress'),
  ('s0000000-0000-0000-0000-000000000005', 't0000000-0000-0000-0000-000000000010', 'r0000000-0000-0000-0000-000000000005', 'a0000000-0000-0000-0000-000000000003', 'in_progress'),
  ('s0000000-0000-0000-0000-000000000006', 't0000000-0000-0000-0000-000000000011', 'r0000000-0000-0000-0000-000000000006', 'a0000000-0000-0000-0000-000000000003', 'completed'),
  ('s0000000-0000-0000-0000-000000000007', 't0000000-0000-0000-0000-000000000012', 'r0000000-0000-0000-0000-000000000007', 'a0000000-0000-0000-0000-000000000003', 'in_progress');

-- --------------------------------------------------------------------------
-- Meters (sample per route - generating ~25 per Grover Beach route)
-- Grover Beach Route 001 - Downtown area streets
-- --------------------------------------------------------------------------
INSERT INTO meters (id, city_id, route_id, meter_number, account_number, meter_type, address, status) VALUES
  ('m0000001-0001-0000-0000-000000000001', 'c0000000-0000-0000-0000-000000000001', 't0000000-0000-0000-0000-000000000001', 'GB-001-001', 'ACCT-10001', 'water', '100 Grand Ave', 'active'),
  ('m0000001-0001-0000-0000-000000000002', 'c0000000-0000-0000-0000-000000000001', 't0000000-0000-0000-0000-000000000001', 'GB-001-002', 'ACCT-10002', 'water', '102 Grand Ave', 'active'),
  ('m0000001-0001-0000-0000-000000000003', 'c0000000-0000-0000-0000-000000000001', 't0000000-0000-0000-0000-000000000001', 'GB-001-003', 'ACCT-10003', 'water', '110 Grand Ave', 'active'),
  ('m0000001-0001-0000-0000-000000000004', 'c0000000-0000-0000-0000-000000000001', 't0000000-0000-0000-0000-000000000001', 'GB-001-004', 'ACCT-10004', 'water', '120 Grand Ave', 'active'),
  ('m0000001-0001-0000-0000-000000000005', 'c0000000-0000-0000-0000-000000000001', 't0000000-0000-0000-0000-000000000001', 'GB-001-005', 'ACCT-10005', 'water', '200 N 9th St', 'active'),
  ('m0000001-0001-0000-0000-000000000006', 'c0000000-0000-0000-0000-000000000001', 't0000000-0000-0000-0000-000000000001', 'GB-001-006', 'ACCT-10006', 'water', '204 N 9th St', 'active'),
  ('m0000001-0001-0000-0000-000000000007', 'c0000000-0000-0000-0000-000000000001', 't0000000-0000-0000-0000-000000000001', 'GB-001-007', 'ACCT-10007', 'water', '208 N 9th St', 'active'),
  ('m0000001-0001-0000-0000-000000000008', 'c0000000-0000-0000-0000-000000000001', 't0000000-0000-0000-0000-000000000001', 'GB-001-008', 'ACCT-10008', 'water', '300 Rockaway Ave', 'active'),
  ('m0000001-0001-0000-0000-000000000009', 'c0000000-0000-0000-0000-000000000001', 't0000000-0000-0000-0000-000000000001', 'GB-001-009', 'ACCT-10009', 'water', '304 Rockaway Ave', 'active'),
  ('m0000001-0001-0000-0000-000000000010', 'c0000000-0000-0000-0000-000000000001', 't0000000-0000-0000-0000-000000000001', 'GB-001-010', 'ACCT-10010', 'water', '150 S 4th St', 'active'),
  ('m0000001-0001-0000-0000-000000000011', 'c0000000-0000-0000-0000-000000000001', 't0000000-0000-0000-0000-000000000001', 'GB-001-011', 'ACCT-10011', 'water', '152 S 4th St', 'active'),
  ('m0000001-0001-0000-0000-000000000012', 'c0000000-0000-0000-0000-000000000001', 't0000000-0000-0000-0000-000000000001', 'GB-001-012', 'ACCT-10012', 'water', '400 Ocean View Dr', 'active'),
  ('m0000001-0001-0000-0000-000000000013', 'c0000000-0000-0000-0000-000000000001', 't0000000-0000-0000-0000-000000000001', 'GB-001-013', 'ACCT-10013', 'water', '404 Ocean View Dr', 'active'),
  ('m0000001-0001-0000-0000-000000000014', 'c0000000-0000-0000-0000-000000000001', 't0000000-0000-0000-0000-000000000001', 'GB-001-014', 'ACCT-10014', 'sewer', '500 Brighton Ave', 'active'),
  ('m0000001-0001-0000-0000-000000000015', 'c0000000-0000-0000-0000-000000000001', 't0000000-0000-0000-0000-000000000001', 'GB-001-015', 'ACCT-10015', 'water', '502 Brighton Ave', 'active');

-- Grover Beach Route 002 - Residential North
INSERT INTO meters (id, city_id, route_id, meter_number, account_number, meter_type, address, status) VALUES
  ('m0000001-0002-0000-0000-000000000001', 'c0000000-0000-0000-0000-000000000001', 't0000000-0000-0000-0000-000000000002', 'GB-002-001', 'ACCT-10101', 'water', '1200 Mentone Ave', 'active'),
  ('m0000001-0002-0000-0000-000000000002', 'c0000000-0000-0000-0000-000000000001', 't0000000-0000-0000-0000-000000000002', 'GB-002-002', 'ACCT-10102', 'water', '1204 Mentone Ave', 'active'),
  ('m0000001-0002-0000-0000-000000000003', 'c0000000-0000-0000-0000-000000000001', 't0000000-0000-0000-0000-000000000002', 'GB-002-003', 'ACCT-10103', 'water', '1208 Mentone Ave', 'active'),
  ('m0000001-0002-0000-0000-000000000004', 'c0000000-0000-0000-0000-000000000001', 't0000000-0000-0000-0000-000000000002', 'GB-002-004', 'ACCT-10104', 'water', '800 N 13th St', 'active'),
  ('m0000001-0002-0000-0000-000000000005', 'c0000000-0000-0000-0000-000000000001', 't0000000-0000-0000-0000-000000000002', 'GB-002-005', 'ACCT-10105', 'water', '804 N 13th St', 'active'),
  ('m0000001-0002-0000-0000-000000000006', 'c0000000-0000-0000-0000-000000000001', 't0000000-0000-0000-0000-000000000002', 'GB-002-006', 'ACCT-10106', 'water', '900 Atlantic City Ave', 'active'),
  ('m0000001-0002-0000-0000-000000000007', 'c0000000-0000-0000-0000-000000000001', 't0000000-0000-0000-0000-000000000002', 'GB-002-007', 'ACCT-10107', 'water', '904 Atlantic City Ave', 'active'),
  ('m0000001-0002-0000-0000-000000000008', 'c0000000-0000-0000-0000-000000000001', 't0000000-0000-0000-0000-000000000002', 'GB-002-008', 'ACCT-10108', 'water', '1000 Longbranch Ave', 'active'),
  ('m0000001-0002-0000-0000-000000000009', 'c0000000-0000-0000-0000-000000000001', 't0000000-0000-0000-0000-000000000002', 'GB-002-009', 'ACCT-10109', 'water', '1004 Longbranch Ave', 'active'),
  ('m0000001-0002-0000-0000-000000000010', 'c0000000-0000-0000-0000-000000000001', 't0000000-0000-0000-0000-000000000002', 'GB-002-010', 'ACCT-10110', 'water', '1100 Manhattan Ave', 'active');

-- --------------------------------------------------------------------------
-- Readings (for Grover Beach - Route 001 meters)
-- Mix of normal (~90%), high exception (~5%), low exception (~3%), zero (~1%), negative (~1%)
-- --------------------------------------------------------------------------
INSERT INTO readings (id, meter_id, reader_id, cycle_id, route_id, value, previous_value, delta_value, usage, average_usage, percentage, unit, status, is_exception, exception_type, photo_url, gps_lat, gps_lon, reading_timestamp) VALUES
  -- Normal readings (approved)
  ('d0000001-0001-0000-0000-000000000001', 'm0000001-0001-0000-0000-000000000001', 'r0000000-0000-0000-0000-000000000001', 'y0000000-0000-0000-0000-000000000001', 't0000000-0000-0000-0000-000000000001', 45623, 44850, 773, 773, 680, 113.7, 'gallons', 'approved', false, NULL, 's3://meter-photos/gb/001/001.jpg', 35.1178, -120.6210, '2026-03-28 08:15:00'),
  ('d0000001-0001-0000-0000-000000000002', 'm0000001-0001-0000-0000-000000000002', 'r0000000-0000-0000-0000-000000000001', 'y0000000-0000-0000-0000-000000000001', 't0000000-0000-0000-0000-000000000001', 31204, 30580, 624, 624, 590, 105.8, 'gallons', 'approved', false, NULL, 's3://meter-photos/gb/001/002.jpg', 35.1179, -120.6208, '2026-03-28 08:18:00'),
  ('d0000001-0001-0000-0000-000000000003', 'm0000001-0001-0000-0000-000000000003', 'r0000000-0000-0000-0000-000000000001', 'y0000000-0000-0000-0000-000000000001', 't0000000-0000-0000-0000-000000000001', 28947, 28200, 747, 747, 710, 105.2, 'gallons', 'approved', false, NULL, NULL, 35.1180, -120.6205, '2026-03-28 08:22:00'),
  ('d0000001-0001-0000-0000-000000000004', 'm0000001-0001-0000-0000-000000000004', 'r0000000-0000-0000-0000-000000000001', 'y0000000-0000-0000-0000-000000000001', 't0000000-0000-0000-0000-000000000001', 52310, 51800, 510, 510, 480, 106.3, 'gallons', 'approved', false, NULL, NULL, 35.1182, -120.6203, '2026-03-28 08:25:00'),
  ('d0000001-0001-0000-0000-000000000005', 'm0000001-0001-0000-0000-000000000005', 'r0000000-0000-0000-0000-000000000001', 'y0000000-0000-0000-0000-000000000001', 't0000000-0000-0000-0000-000000000001', 67890, 67100, 790, 790, 750, 105.3, 'gallons', 'approved', false, NULL, 's3://meter-photos/gb/001/005.jpg', 35.1185, -120.6200, '2026-03-28 08:30:00'),
  ('d0000001-0001-0000-0000-000000000006', 'm0000001-0001-0000-0000-000000000006', 'r0000000-0000-0000-0000-000000000001', 'y0000000-0000-0000-0000-000000000001', 't0000000-0000-0000-0000-000000000001', 19456, 18750, 706, 706, 650, 108.6, 'gallons', 'approved', false, NULL, NULL, 35.1186, -120.6198, '2026-03-28 08:33:00'),
  ('d0000001-0001-0000-0000-000000000007', 'm0000001-0001-0000-0000-000000000007', 'r0000000-0000-0000-0000-000000000001', 'y0000000-0000-0000-0000-000000000001', 't0000000-0000-0000-0000-000000000001', 41230, 40500, 730, 730, 700, 104.3, 'gallons', 'approved', false, NULL, NULL, 35.1187, -120.6195, '2026-03-28 08:36:00'),

  -- HIGH exception - pending review
  ('d0000001-0001-0000-0000-000000000008', 'm0000001-0001-0000-0000-000000000008', 'r0000000-0000-0000-0000-000000000001', 'y0000000-0000-0000-0000-000000000001', 't0000000-0000-0000-0000-000000000001', 38750, 36200, 2550, 2550, 620, 411.3, 'gallons', 'pending', true, 'high', 's3://meter-photos/gb/001/008.jpg', 35.1190, -120.6190, '2026-03-28 08:40:00'),
  -- HIGH exception - pending review
  ('d0000001-0001-0000-0000-000000000009', 'm0000001-0001-0000-0000-000000000009', 'r0000000-0000-0000-0000-000000000001', 'y0000000-0000-0000-0000-000000000001', 't0000000-0000-0000-0000-000000000001', 55100, 52000, 3100, 3100, 700, 442.9, 'gallons', 'pending', true, 'high', 's3://meter-photos/gb/001/009.jpg', 35.1192, -120.6188, '2026-03-28 08:44:00'),

  -- LOW exception - pending review
  ('d0000001-0001-0000-0000-000000000010', 'm0000001-0001-0000-0000-000000000010', 'r0000000-0000-0000-0000-000000000001', 'y0000000-0000-0000-0000-000000000001', 't0000000-0000-0000-0000-000000000001', 22110, 22050, 60, 60, 450, 13.3, 'gallons', 'pending', true, 'low', 's3://meter-photos/gb/001/010.jpg', 35.1195, -120.6185, '2026-03-28 08:48:00'),

  -- ZERO usage - pending review
  ('d0000001-0001-0000-0000-000000000011', 'm0000001-0001-0000-0000-000000000011', 'r0000000-0000-0000-0000-000000000001', 'y0000000-0000-0000-0000-000000000001', 't0000000-0000-0000-0000-000000000001', 33400, 33400, 0, 0, 520, 0, 'gallons', 'pending', true, 'zero', 's3://meter-photos/gb/001/011.jpg', 35.1196, -120.6183, '2026-03-28 08:52:00'),

  -- NEGATIVE usage - pending review
  ('d0000001-0001-0000-0000-000000000012', 'm0000001-0001-0000-0000-000000000012', 'r0000000-0000-0000-0000-000000000001', 'y0000000-0000-0000-0000-000000000001', 't0000000-0000-0000-0000-000000000001', 47200, 47350, -150, -150, 680, -22.1, 'gallons', 'pending', true, 'negative', 's3://meter-photos/gb/001/012.jpg', 35.1198, -120.6180, '2026-03-28 08:56:00'),

  -- Normal - more approved
  ('d0000001-0001-0000-0000-000000000013', 'm0000001-0001-0000-0000-000000000013', 'r0000000-0000-0000-0000-000000000001', 'y0000000-0000-0000-0000-000000000001', 't0000000-0000-0000-0000-000000000001', 61800, 61100, 700, 700, 680, 102.9, 'gallons', 'approved', false, NULL, NULL, 35.1200, -120.6178, '2026-03-28 09:00:00'),
  ('d0000001-0001-0000-0000-000000000014', 'm0000001-0001-0000-0000-000000000014', 'r0000000-0000-0000-0000-000000000001', 'y0000000-0000-0000-0000-000000000001', 't0000000-0000-0000-0000-000000000001', 15670, 15000, 670, 670, 640, 104.7, 'gallons', 'approved', false, NULL, 's3://meter-photos/gb/001/014.jpg', 35.1202, -120.6175, '2026-03-28 09:04:00'),

  -- Rejected / needs reread
  ('d0000001-0001-0000-0000-000000000015', 'm0000001-0001-0000-0000-000000000015', 'r0000000-0000-0000-0000-000000000001', 'y0000000-0000-0000-0000-000000000001', 't0000000-0000-0000-0000-000000000001', 88900, 86000, 2900, 2900, 610, 475.4, 'gallons', 'rejected', true, 'high', 's3://meter-photos/gb/001/015.jpg', 35.1204, -120.6172, '2026-03-28 09:08:00');

-- Mark the rejected reading for reread
UPDATE readings SET needs_reread = true, reread_reason = 'Photo unclear, high usage suspicious' WHERE id = 'd0000001-0001-0000-0000-000000000015';

-- Some Route 002 readings
INSERT INTO readings (id, meter_id, reader_id, cycle_id, route_id, value, previous_value, delta_value, usage, average_usage, percentage, unit, status, is_exception, exception_type, photo_url, gps_lat, gps_lon, reading_timestamp) VALUES
  ('d0000001-0002-0000-0000-000000000001', 'm0000001-0002-0000-0000-000000000001', 'r0000000-0000-0000-0000-000000000002', 'y0000000-0000-0000-0000-000000000001', 't0000000-0000-0000-0000-000000000002', 72340, 71600, 740, 740, 700, 105.7, 'gallons', 'approved', false, NULL, NULL, 35.1220, -120.6250, '2026-03-29 07:30:00'),
  ('d0000001-0002-0000-0000-000000000002', 'm0000001-0002-0000-0000-000000000002', 'r0000000-0000-0000-0000-000000000002', 'y0000000-0000-0000-0000-000000000001', 't0000000-0000-0000-0000-000000000002', 44560, 43800, 760, 760, 720, 105.6, 'gallons', 'approved', false, NULL, NULL, 35.1222, -120.6248, '2026-03-29 07:34:00'),
  ('d0000001-0002-0000-0000-000000000003', 'm0000001-0002-0000-0000-000000000003', 'r0000000-0000-0000-0000-000000000002', 'y0000000-0000-0000-0000-000000000001', 't0000000-0000-0000-0000-000000000002', 29100, 26500, 2600, 2600, 580, 448.3, 'gallons', 'pending', true, 'high', 's3://meter-photos/gb/002/003.jpg', 35.1224, -120.6246, '2026-03-29 07:38:00'),
  ('d0000001-0002-0000-0000-000000000004', 'm0000001-0002-0000-0000-000000000004', 'r0000000-0000-0000-0000-000000000002', 'y0000000-0000-0000-0000-000000000001', 't0000000-0000-0000-0000-000000000002', 56780, 56100, 680, 680, 660, 103.0, 'gallons', 'approved', false, NULL, NULL, 35.1226, -120.6244, '2026-03-29 07:42:00'),
  ('d0000001-0002-0000-0000-000000000005', 'm0000001-0002-0000-0000-000000000005', 'r0000000-0000-0000-0000-000000000002', 'y0000000-0000-0000-0000-000000000001', 't0000000-0000-0000-0000-000000000002', 83200, 82900, 300, 300, 710, 42.3, 'gallons', 'pending', true, 'low', 's3://meter-photos/gb/002/005.jpg', 35.1228, -120.6242, '2026-03-29 07:46:00'),
  -- Rejected / needs reread
  ('d0000001-0002-0000-0000-000000000006', 'm0000001-0002-0000-0000-000000000006', 'r0000000-0000-0000-0000-000000000002', 'y0000000-0000-0000-0000-000000000001', 't0000000-0000-0000-0000-000000000002', 14200, 14800, -600, -600, 550, -109.1, 'gallons', 'rejected', true, 'negative', 's3://meter-photos/gb/002/006.jpg', 35.1230, -120.6240, '2026-03-29 07:50:00');

UPDATE readings SET needs_reread = true, reread_reason = 'Negative usage - possible meter rollback' WHERE id = 'd0000001-0002-0000-0000-000000000006';

-- --------------------------------------------------------------------------
-- Reader Timestamps (for breaks/tardiness detection)
-- Mike Torres reading Route 001 - note gap at 08:40 to 09:04 (24 min break)
-- --------------------------------------------------------------------------
INSERT INTO reader_timestamps (id, reader_id, route_id, reading_id, action_type, timestamp, gps_lat, gps_lon) VALUES
  ('x0000001-0001-0000-0000-000000000001', 'r0000000-0000-0000-0000-000000000001', 't0000000-0000-0000-0000-000000000001', 'd0000001-0001-0000-0000-000000000001', 'read', '2026-03-28 08:15:00', 35.1178, -120.6210),
  ('x0000001-0001-0000-0000-000000000002', 'r0000000-0000-0000-0000-000000000001', 't0000000-0000-0000-0000-000000000001', 'd0000001-0001-0000-0000-000000000002', 'read', '2026-03-28 08:18:00', 35.1179, -120.6208),
  ('x0000001-0001-0000-0000-000000000003', 'r0000000-0000-0000-0000-000000000001', 't0000000-0000-0000-0000-000000000001', 'd0000001-0001-0000-0000-000000000003', 'read', '2026-03-28 08:22:00', 35.1180, -120.6205),
  ('x0000001-0001-0000-0000-000000000004', 'r0000000-0000-0000-0000-000000000001', 't0000000-0000-0000-0000-000000000001', 'd0000001-0001-0000-0000-000000000004', 'read', '2026-03-28 08:25:00', 35.1182, -120.6203),
  ('x0000001-0001-0000-0000-000000000005', 'r0000000-0000-0000-0000-000000000001', 't0000000-0000-0000-0000-000000000001', 'd0000001-0001-0000-0000-000000000005', 'read', '2026-03-28 08:30:00', 35.1185, -120.6200),
  ('x0000001-0001-0000-0000-000000000006', 'r0000000-0000-0000-0000-000000000001', 't0000000-0000-0000-0000-000000000001', 'd0000001-0001-0000-0000-000000000006', 'read', '2026-03-28 08:33:00', 35.1186, -120.6198),
  ('x0000001-0001-0000-0000-000000000007', 'r0000000-0000-0000-0000-000000000001', 't0000000-0000-0000-0000-000000000001', 'd0000001-0001-0000-0000-000000000007', 'read', '2026-03-28 08:36:00', 35.1187, -120.6195),
  -- BREAK: 24 minute gap between 08:40 and 09:04
  ('x0000001-0001-0000-0000-000000000008', 'r0000000-0000-0000-0000-000000000001', 't0000000-0000-0000-0000-000000000001', 'd0000001-0001-0000-0000-000000000008', 'read', '2026-03-28 08:40:00', 35.1190, -120.6190),
  ('x0000001-0001-0000-0000-000000000009', 'r0000000-0000-0000-0000-000000000001', 't0000000-0000-0000-0000-000000000001', 'd0000001-0001-0000-0000-000000000013', 'read', '2026-03-28 09:04:00', 35.1200, -120.6178),
  ('x0000001-0001-0000-0000-000000000010', 'r0000000-0000-0000-0000-000000000001', 't0000000-0000-0000-0000-000000000001', 'd0000001-0001-0000-0000-000000000014', 'read', '2026-03-28 09:08:00', 35.1202, -120.6175);

COMMIT;
